-- Seed data generated on 2025-06-02T20:18:44.525109


        INSERT INTO user_profiles (user_id, name, email, preferences, created_at, updated_at)
        VALUES (
            '79ee52b4-d808-4f2a-b9bf-664875a89d59',
            'Sydney Foster',
            'leah37@example.com',
            '{"theme": "dark", "language": "es"}',
            '2025-06-02T18:18:44.511321+00:00',
            '2025-06-02T18:18:44.511326+00:00'
        );


        INSERT INTO user_profiles (user_id, name, email, preferences, created_at, updated_at)
        VALUES (
            '665af27a-0745-4ecd-9c66-b094624d6e59',
            'Sally Hansen',
            'johnsonjennifer@example.org',
            '{"theme": "dark", "language": "es"}',
            '2025-06-02T18:18:44.518281+00:00',
            '2025-06-02T18:18:44.518284+00:00'
        );


        INSERT INTO projects (id, user_id, name, description, created_at, updated_at)
        VALUES (
            '7136a788-2962-4243-ac2a-30887e2d2e98',
            '79ee52b4-d808-4f2a-b9bf-664875a89d59',
            'Project Situation',
            'Only five animal along would yet.',
            '2025-06-02T18:18:44.518669+00:00',
            '2025-06-02T18:18:44.518671+00:00'
        );


        INSERT INTO projects (id, user_id, name, description, created_at, updated_at)
        VALUES (
            '92c01586-0349-4d2d-8cd4-5cfd643eecac',
            '79ee52b4-d808-4f2a-b9bf-664875a89d59',
            'Project Image',
            'Type usually ball market protect.',
            '2025-06-02T18:18:44.518841+00:00',
            '2025-06-02T18:18:44.518843+00:00'
        );


        INSERT INTO projects (id, user_id, name, description, created_at, updated_at)
        VALUES (
            '8acec076-5fe0-4d68-954e-ac887f6951b6',
            '665af27a-0745-4ecd-9c66-b094624d6e59',
            'Project International',
            'Boy I have.',
            '2025-06-02T18:18:44.518926+00:00',
            '2025-06-02T18:18:44.518928+00:00'
        );


        INSERT INTO projects (id, user_id, name, description, created_at, updated_at)
        VALUES (
            'e841067f-3402-40cf-b35a-2557d5c4a357',
            '665af27a-0745-4ecd-9c66-b094624d6e59',
            'Project Admit',
            'Forward because carry include one design position law.',
            '2025-06-02T18:18:44.519014+00:00',
            '2025-06-02T18:18:44.519015+00:00'
        );


        INSERT INTO projects (id, user_id, name, description, created_at, updated_at)
        VALUES (
            '882104f4-a449-42e7-9828-fd9d3e807d38',
            '665af27a-0745-4ecd-9c66-b094624d6e59',
            'Project Both',
            'Officer way hospital nation.',
            '2025-06-02T18:18:44.519084+00:00',
            '2025-06-02T18:18:44.519085+00:00'
        );


        INSERT INTO sources (id, user_id, type, title, description, url, created_at, updated_at)
        VALUES (
            'a579effd-d671-4617-9aba-7dbdf08936cf',
            '79ee52b4-d808-4f2a-b9bf-664875a89d59',
            'book',
            'Book: Ago focus wife.',
            'Plant reduce talk build sure. Ability sometimes trade social similar tend yourself.',
            NULL,
            '2025-06-02T18:18:44.519200+00:00',
            '2025-06-02T18:18:44.519201+00:00'
        );


        INSERT INTO sources (id, user_id, type, title, description, url, created_at, updated_at)
        VALUES (
            '536adaee-49a3-441e-9f60-ecb56de5fccd',
            '79ee52b4-d808-4f2a-b9bf-664875a89d59',
            'video',
            'Video: White nice car buy.',
            'Compare sell soldier fill.',
            'https://davidson.com/',
            '2025-06-02T18:18:44.519513+00:00',
            '2025-06-02T18:18:44.519515+00:00'
        );


        INSERT INTO sources (id, user_id, type, title, description, url, created_at, updated_at)
        VALUES (
            'cef9e83e-b517-4f8d-82b7-1b7af69a7531',
            '665af27a-0745-4ecd-9c66-b094624d6e59',
            'book',
            'Book: Finish.',
            'Thus really most enough impact language senior. Father about race cultural. Difficult around suffer reflect.',
            NULL,
            '2025-06-02T18:18:44.520059+00:00',
            '2025-06-02T18:18:44.520062+00:00'
        );


        INSERT INTO keywords (id, user_id, name, created_at)
        VALUES (
            '24597afd-d041-4b2b-ac42-cf734d34d71a',
            '79ee52b4-d808-4f2a-b9bf-664875a89d59',
            'probably',
            '2025-06-02T18:18:44.520130+00:00'
        );


        INSERT INTO keywords (id, user_id, name, created_at)
        VALUES (
            '98f57b7b-cd1f-40b2-90e6-5e06c1a1106e',
            '79ee52b4-d808-4f2a-b9bf-664875a89d59',
            'man',
            '2025-06-02T18:18:44.520284+00:00'
        );


        INSERT INTO keywords (id, user_id, name, created_at)
        VALUES (
            'cfc12ce9-6983-4d05-b42b-4ae54d6958fb',
            '79ee52b4-d808-4f2a-b9bf-664875a89d59',
            'its',
            '2025-06-02T18:18:44.520330+00:00'
        );


        INSERT INTO keywords (id, user_id, name, created_at)
        VALUES (
            '484931c4-368a-4fd5-8f38-3e8273226415',
            '665af27a-0745-4ecd-9c66-b094624d6e59',
            'government',
            '2025-06-02T18:18:44.520389+00:00'
        );


        INSERT INTO keywords (id, user_id, name, created_at)
        VALUES (
            '6042e67b-7ab4-4775-835f-e16eaf0af54b',
            '665af27a-0745-4ecd-9c66-b094624d6e59',
            'grow',
            '2025-06-02T18:18:44.520435+00:00'
        );


        INSERT INTO keywords (id, user_id, name, created_at)
        VALUES (
            'ce33ca35-5600-492f-8a80-ec933d3377c4',
            '665af27a-0745-4ecd-9c66-b094624d6e59',
            'discuss',
            '2025-06-02T18:18:44.520471+00:00'
        );


        INSERT INTO keywords (id, user_id, name, created_at)
        VALUES (
            '6b7e7ea2-5e64-495f-a50f-2c63ea110b8a',
            '665af27a-0745-4ecd-9c66-b094624d6e59',
            'responsibility',
            '2025-06-02T18:18:44.520508+00:00'
        );


        INSERT INTO keywords (id, user_id, name, created_at)
        VALUES (
            '9e1922a1-9399-464f-8890-da79c54ba910',
            '665af27a-0745-4ecd-9c66-b094624d6e59',
            'hospital',
            '2025-06-02T18:18:44.520555+00:00'
        );


        INSERT INTO notes (id, user_id, project_id, source_id, title, content, type, note_metadata, created_at, updated_at)
        VALUES (
            '1141ab1e-9fef-4857-b1a0-915e1091f0a4',
            '79ee52b4-d808-4f2a-b9bf-664875a89d59',
            '7136a788-2962-4243-ac2a-30887e2d2e98',
            'a579effd-d671-4617-9aba-7dbdf08936cf',
            'Note: Tough perform indicate wonder.',
            'Building test range remain. Black final decide rest. Miss western race nature happy. About letter vote protect. Group throw simple same road around.',
            'code',
            '{"tags": ["probably", "man"], "user_id": "79ee52b4-d808-4f2a-b9bf-664875a89d59"}',
            '2025-06-02T18:18:44.520743+00:00',
            '2025-06-02T18:18:44.520744+00:00'
        );


            INSERT INTO note_keywords (note_id, keyword_id)
            VALUES ('1141ab1e-9fef-4857-b1a0-915e1091f0a4', '24597afd-d041-4b2b-ac42-cf734d34d71a');


            INSERT INTO note_keywords (note_id, keyword_id)
            VALUES ('1141ab1e-9fef-4857-b1a0-915e1091f0a4', '98f57b7b-cd1f-40b2-90e6-5e06c1a1106e');


        INSERT INTO notes (id, user_id, project_id, source_id, title, content, type, note_metadata, created_at, updated_at)
        VALUES (
            '0c6c5ecb-e26e-4b39-a97d-5948edc577eb',
            '79ee52b4-d808-4f2a-b9bf-664875a89d59',
            '7136a788-2962-4243-ac2a-30887e2d2e98',
            '536adaee-49a3-441e-9f60-ecb56de5fccd',
            'Note: Republican determine.',
            'Difficult human look economic. Hard attack democratic name vote usually brother. Thought save sort start same may. As lot car option. Live boy each response a. Control nothing each field stop significant each.',
            'text',
            '{"tags": ["man", "probably"], "user_id": "79ee52b4-d808-4f2a-b9bf-664875a89d59"}',
            '2025-06-02T18:18:44.520872+00:00',
            '2025-06-02T18:18:44.520872+00:00'
        );


            INSERT INTO note_keywords (note_id, keyword_id)
            VALUES ('0c6c5ecb-e26e-4b39-a97d-5948edc577eb', '98f57b7b-cd1f-40b2-90e6-5e06c1a1106e');


            INSERT INTO note_keywords (note_id, keyword_id)
            VALUES ('0c6c5ecb-e26e-4b39-a97d-5948edc577eb', '24597afd-d041-4b2b-ac42-cf734d34d71a');


        INSERT INTO notes (id, user_id, project_id, source_id, title, content, type, note_metadata, created_at, updated_at)
        VALUES (
            'e7d570e6-4046-46eb-a25d-7a1481536551',
            '79ee52b4-d808-4f2a-b9bf-664875a89d59',
            '7136a788-2962-4243-ac2a-30887e2d2e98',
            '536adaee-49a3-441e-9f60-ecb56de5fccd',
            'Note: West various available.',
            'Movie week table road. Another either care particular in because individual. Join marriage cause drug. Home provide beat occur. Change cost always interest teach large.',
            'markdown',
            '{"tags": ["probably", "its"], "user_id": "79ee52b4-d808-4f2a-b9bf-664875a89d59"}',
            '2025-06-02T18:18:44.520957+00:00',
            '2025-06-02T18:18:44.520958+00:00'
        );


            INSERT INTO note_keywords (note_id, keyword_id)
            VALUES ('e7d570e6-4046-46eb-a25d-7a1481536551', '24597afd-d041-4b2b-ac42-cf734d34d71a');


            INSERT INTO note_keywords (note_id, keyword_id)
            VALUES ('e7d570e6-4046-46eb-a25d-7a1481536551', 'cfc12ce9-6983-4d05-b42b-4ae54d6958fb');


        INSERT INTO notes (id, user_id, project_id, source_id, title, content, type, note_metadata, created_at, updated_at)
        VALUES (
            'caced21b-d3c9-47e4-bb33-62e3d47b9f26',
            '79ee52b4-d808-4f2a-b9bf-664875a89d59',
            '7136a788-2962-4243-ac2a-30887e2d2e98',
            '536adaee-49a3-441e-9f60-ecb56de5fccd',
            'Note: Man call sell suddenly.',
            'Trade like we state. Economic only ago style board whole technology. We reach send. Ready large adult be among people husband.',
            'mixed',
            '{"tags": ["man", "probably"], "user_id": "79ee52b4-d808-4f2a-b9bf-664875a89d59"}',
            '2025-06-02T18:18:44.521035+00:00',
            '2025-06-02T18:18:44.521035+00:00'
        );


            INSERT INTO note_keywords (note_id, keyword_id)
            VALUES ('caced21b-d3c9-47e4-bb33-62e3d47b9f26', '98f57b7b-cd1f-40b2-90e6-5e06c1a1106e');


            INSERT INTO note_keywords (note_id, keyword_id)
            VALUES ('caced21b-d3c9-47e4-bb33-62e3d47b9f26', '24597afd-d041-4b2b-ac42-cf734d34d71a');


        INSERT INTO notes (id, user_id, project_id, source_id, title, content, type, note_metadata, created_at, updated_at)
        VALUES (
            '7674208b-0b1c-41b3-83c5-c6d26c2d91c5',
            '79ee52b4-d808-4f2a-b9bf-664875a89d59',
            '92c01586-0349-4d2d-8cd4-5cfd643eecac',
            '536adaee-49a3-441e-9f60-ecb56de5fccd',
            'Note: Parent safe side various voice.',
            'Commercial not organization she. Continue watch whole lose policy onto art. Month air college its group focus. Two break structure ok service center.',
            'mixed',
            '{"tags": ["man", "probably"], "user_id": "79ee52b4-d808-4f2a-b9bf-664875a89d59"}',
            '2025-06-02T18:18:44.521123+00:00',
            '2025-06-02T18:18:44.521124+00:00'
        );


            INSERT INTO note_keywords (note_id, keyword_id)
            VALUES ('7674208b-0b1c-41b3-83c5-c6d26c2d91c5', '98f57b7b-cd1f-40b2-90e6-5e06c1a1106e');


            INSERT INTO note_keywords (note_id, keyword_id)
            VALUES ('7674208b-0b1c-41b3-83c5-c6d26c2d91c5', '24597afd-d041-4b2b-ac42-cf734d34d71a');


        INSERT INTO notes (id, user_id, project_id, source_id, title, content, type, note_metadata, created_at, updated_at)
        VALUES (
            '32b40f6c-3718-42d4-a1b7-1e59555e3af3',
            '79ee52b4-d808-4f2a-b9bf-664875a89d59',
            '92c01586-0349-4d2d-8cd4-5cfd643eecac',
            'a579effd-d671-4617-9aba-7dbdf08936cf',
            'Note: Level issue onto threat.',
            'Up floor officer huge. Travel force as feel these me raise. Middle specific choice author issue. Instead result decide size.',
            'mixed',
            '{"tags": ["probably", "its"], "user_id": "79ee52b4-d808-4f2a-b9bf-664875a89d59"}',
            '2025-06-02T18:18:44.521195+00:00',
            '2025-06-02T18:18:44.521196+00:00'
        );


            INSERT INTO note_keywords (note_id, keyword_id)
            VALUES ('32b40f6c-3718-42d4-a1b7-1e59555e3af3', '24597afd-d041-4b2b-ac42-cf734d34d71a');


            INSERT INTO note_keywords (note_id, keyword_id)
            VALUES ('32b40f6c-3718-42d4-a1b7-1e59555e3af3', 'cfc12ce9-6983-4d05-b42b-4ae54d6958fb');


        INSERT INTO notes (id, user_id, project_id, source_id, title, content, type, note_metadata, created_at, updated_at)
        VALUES (
            '54a9ceb8-4092-4e05-9bf4-37f38c3815d6',
            '79ee52b4-d808-4f2a-b9bf-664875a89d59',
            '92c01586-0349-4d2d-8cd4-5cfd643eecac',
            'a579effd-d671-4617-9aba-7dbdf08936cf',
            'Note: Kind ever again.',
            'Style paper detail current poor blood center myself. Most huge return author just other lead. Lose difficult ago box. To either candidate on marriage compare. Respond west mind last fact.',
            'mixed',
            '{"tags": ["its", "man"], "user_id": "79ee52b4-d808-4f2a-b9bf-664875a89d59"}',
            '2025-06-02T18:18:44.521273+00:00',
            '2025-06-02T18:18:44.521273+00:00'
        );


            INSERT INTO note_keywords (note_id, keyword_id)
            VALUES ('54a9ceb8-4092-4e05-9bf4-37f38c3815d6', 'cfc12ce9-6983-4d05-b42b-4ae54d6958fb');


            INSERT INTO note_keywords (note_id, keyword_id)
            VALUES ('54a9ceb8-4092-4e05-9bf4-37f38c3815d6', '98f57b7b-cd1f-40b2-90e6-5e06c1a1106e');


        INSERT INTO notes (id, user_id, project_id, source_id, title, content, type, note_metadata, created_at, updated_at)
        VALUES (
            '588b1ebd-04eb-401b-ad7f-a5f3066582f7',
            '79ee52b4-d808-4f2a-b9bf-664875a89d59',
            '92c01586-0349-4d2d-8cd4-5cfd643eecac',
            '536adaee-49a3-441e-9f60-ecb56de5fccd',
            'Note: Across follow rate ok.',
            'Mention think politics fire. Check pick third born arm pass. Where job value lay within certainly. Follow same success manage economic will but.',
            'text',
            '{"tags": ["man", "probably"], "user_id": "79ee52b4-d808-4f2a-b9bf-664875a89d59"}',
            '2025-06-02T18:18:44.521359+00:00',
            '2025-06-02T18:18:44.521360+00:00'
        );


            INSERT INTO note_keywords (note_id, keyword_id)
            VALUES ('588b1ebd-04eb-401b-ad7f-a5f3066582f7', '98f57b7b-cd1f-40b2-90e6-5e06c1a1106e');


            INSERT INTO note_keywords (note_id, keyword_id)
            VALUES ('588b1ebd-04eb-401b-ad7f-a5f3066582f7', '24597afd-d041-4b2b-ac42-cf734d34d71a');


        INSERT INTO notes (id, user_id, project_id, source_id, title, content, type, note_metadata, created_at, updated_at)
        VALUES (
            'b34664dc-1aef-4765-a0e8-4e719ac2b939',
            '79ee52b4-d808-4f2a-b9bf-664875a89d59',
            '92c01586-0349-4d2d-8cd4-5cfd643eecac',
            '536adaee-49a3-441e-9f60-ecb56de5fccd',
            'Note: Again value down real.',
            'Plant tonight watch base bed. Visit second capital from support hospital image. Moment wide picture coach. International eight among leave. Institution imagine major east member expect. Trip light need good.',
            'mixed',
            '{"tags": ["man", "its"], "user_id": "79ee52b4-d808-4f2a-b9bf-664875a89d59"}',
            '2025-06-02T18:18:44.521537+00:00',
            '2025-06-02T18:18:44.521538+00:00'
        );


            INSERT INTO note_keywords (note_id, keyword_id)
            VALUES ('b34664dc-1aef-4765-a0e8-4e719ac2b939', '98f57b7b-cd1f-40b2-90e6-5e06c1a1106e');


            INSERT INTO note_keywords (note_id, keyword_id)
            VALUES ('b34664dc-1aef-4765-a0e8-4e719ac2b939', 'cfc12ce9-6983-4d05-b42b-4ae54d6958fb');


        INSERT INTO notes (id, user_id, project_id, source_id, title, content, type, note_metadata, created_at, updated_at)
        VALUES (
            'b14a20a5-3aef-4679-9b55-ba01ddf817f8',
            '665af27a-0745-4ecd-9c66-b094624d6e59',
            '8acec076-5fe0-4d68-954e-ac887f6951b6',
            'cef9e83e-b517-4f8d-82b7-1b7af69a7531',
            'Note: Third clearly nature while.',
            'Peace less eight as gas take series. Car minute own enough expert political word. Need window build place such meeting man. Worry piece prove as attack southern thus wall.',
            'text',
            '{"tags": ["government", "grow"], "user_id": "665af27a-0745-4ecd-9c66-b094624d6e59"}',
            '2025-06-02T18:18:44.521679+00:00',
            '2025-06-02T18:18:44.521680+00:00'
        );


            INSERT INTO note_keywords (note_id, keyword_id)
            VALUES ('b14a20a5-3aef-4679-9b55-ba01ddf817f8', '484931c4-368a-4fd5-8f38-3e8273226415');


            INSERT INTO note_keywords (note_id, keyword_id)
            VALUES ('b14a20a5-3aef-4679-9b55-ba01ddf817f8', '6042e67b-7ab4-4775-835f-e16eaf0af54b');


        INSERT INTO notes (id, user_id, project_id, source_id, title, content, type, note_metadata, created_at, updated_at)
        VALUES (
            '461c38c4-dad5-4d61-9d53-4bf753609b6a',
            '665af27a-0745-4ecd-9c66-b094624d6e59',
            '8acec076-5fe0-4d68-954e-ac887f6951b6',
            'cef9e83e-b517-4f8d-82b7-1b7af69a7531',
            'Note: Ten stuff.',
            'Week professional market protect executive. Reveal task gun late history. Fill minute address green difference company fall.',
            'text',
            '{"tags": ["discuss", "government"], "user_id": "665af27a-0745-4ecd-9c66-b094624d6e59"}',
            '2025-06-02T18:18:44.521762+00:00',
            '2025-06-02T18:18:44.521763+00:00'
        );


            INSERT INTO note_keywords (note_id, keyword_id)
            VALUES ('461c38c4-dad5-4d61-9d53-4bf753609b6a', 'ce33ca35-5600-492f-8a80-ec933d3377c4');


            INSERT INTO note_keywords (note_id, keyword_id)
            VALUES ('461c38c4-dad5-4d61-9d53-4bf753609b6a', '484931c4-368a-4fd5-8f38-3e8273226415');


        INSERT INTO notes (id, user_id, project_id, source_id, title, content, type, note_metadata, created_at, updated_at)
        VALUES (
            '8e206611-0f9a-424d-8450-c2f863be6cf3',
            '665af27a-0745-4ecd-9c66-b094624d6e59',
            '8acec076-5fe0-4d68-954e-ac887f6951b6',
            'cef9e83e-b517-4f8d-82b7-1b7af69a7531',
            'Note: Until who lay.',
            'Specific understand keep girl lose officer enough. Drug structure student address garden west window. Service report food instead age article couple you. Hundred social office perhaps almost. Painting education some including agency structure mind.',
            'mixed',
            '{"tags": ["discuss", "responsibility"], "user_id": "665af27a-0745-4ecd-9c66-b094624d6e59"}',
            '2025-06-02T18:18:44.521843+00:00',
            '2025-06-02T18:18:44.521844+00:00'
        );


            INSERT INTO note_keywords (note_id, keyword_id)
            VALUES ('8e206611-0f9a-424d-8450-c2f863be6cf3', 'ce33ca35-5600-492f-8a80-ec933d3377c4');


            INSERT INTO note_keywords (note_id, keyword_id)
            VALUES ('8e206611-0f9a-424d-8450-c2f863be6cf3', '6b7e7ea2-5e64-495f-a50f-2c63ea110b8a');


        INSERT INTO notes (id, user_id, project_id, source_id, title, content, type, note_metadata, created_at, updated_at)
        VALUES (
            '065c7ca9-7c1e-4077-a671-265fa06b5320',
            '665af27a-0745-4ecd-9c66-b094624d6e59',
            'e841067f-3402-40cf-b35a-2557d5c4a357',
            'cef9e83e-b517-4f8d-82b7-1b7af69a7531',
            'Note: Score perform social.',
            'Event form seek none this all let. Campaign candidate front through send anyone improve drive. Build rather account responsibility.',
            'code',
            '{"tags": ["government", "grow"], "user_id": "665af27a-0745-4ecd-9c66-b094624d6e59"}',
            '2025-06-02T18:18:44.521925+00:00',
            '2025-06-02T18:18:44.521926+00:00'
        );


            INSERT INTO note_keywords (note_id, keyword_id)
            VALUES ('065c7ca9-7c1e-4077-a671-265fa06b5320', '484931c4-368a-4fd5-8f38-3e8273226415');


            INSERT INTO note_keywords (note_id, keyword_id)
            VALUES ('065c7ca9-7c1e-4077-a671-265fa06b5320', '6042e67b-7ab4-4775-835f-e16eaf0af54b');


        INSERT INTO notes (id, user_id, project_id, source_id, title, content, type, note_metadata, created_at, updated_at)
        VALUES (
            '273d9eae-6096-4796-9d32-00763578fa3a',
            '665af27a-0745-4ecd-9c66-b094624d6e59',
            'e841067f-3402-40cf-b35a-2557d5c4a357',
            'cef9e83e-b517-4f8d-82b7-1b7af69a7531',
            'Note: Rest service lawyer old.',
            'Two these field. See individual mission item important up good. Argue result face focus cup song street tell. Score factor purpose morning professional.',
            'markdown',
            '{"tags": ["grow", "government"], "user_id": "665af27a-0745-4ecd-9c66-b094624d6e59"}',
            '2025-06-02T18:18:44.522106+00:00',
            '2025-06-02T18:18:44.522108+00:00'
        );


            INSERT INTO note_keywords (note_id, keyword_id)
            VALUES ('273d9eae-6096-4796-9d32-00763578fa3a', '6042e67b-7ab4-4775-835f-e16eaf0af54b');


            INSERT INTO note_keywords (note_id, keyword_id)
            VALUES ('273d9eae-6096-4796-9d32-00763578fa3a', '484931c4-368a-4fd5-8f38-3e8273226415');


        INSERT INTO notes (id, user_id, project_id, source_id, title, content, type, note_metadata, created_at, updated_at)
        VALUES (
            'af0b6e77-e115-49d7-81b2-76dff35311f1',
            '665af27a-0745-4ecd-9c66-b094624d6e59',
            'e841067f-3402-40cf-b35a-2557d5c4a357',
            'cef9e83e-b517-4f8d-82b7-1b7af69a7531',
            'Note: Health information.',
            'Management remain fund stay machine. Live them positive during look anyone level. Fly put ago central. Work analysis two standard. Ready none miss nor. Consider our opportunity sister rise.',
            'code',
            '{"tags": ["government", "hospital"], "user_id": "665af27a-0745-4ecd-9c66-b094624d6e59"}',
            '2025-06-02T18:18:44.522300+00:00',
            '2025-06-02T18:18:44.522301+00:00'
        );


            INSERT INTO note_keywords (note_id, keyword_id)
            VALUES ('af0b6e77-e115-49d7-81b2-76dff35311f1', '484931c4-368a-4fd5-8f38-3e8273226415');


            INSERT INTO note_keywords (note_id, keyword_id)
            VALUES ('af0b6e77-e115-49d7-81b2-76dff35311f1', '9e1922a1-9399-464f-8890-da79c54ba910');


        INSERT INTO notes (id, user_id, project_id, source_id, title, content, type, note_metadata, created_at, updated_at)
        VALUES (
            'ac1fb30c-2748-43da-9a75-383b7e5628c3',
            '665af27a-0745-4ecd-9c66-b094624d6e59',
            '882104f4-a449-42e7-9828-fd9d3e807d38',
            'cef9e83e-b517-4f8d-82b7-1b7af69a7531',
            'Note: Hour could meet weight.',
            'Score prepare and generation visit. Marriage clear that expect expert. By investment reveal impact quickly area every. Assume many nor some laugh baby. Enter road whom begin type development.',
            'code',
            '{"tags": ["discuss", "responsibility"], "user_id": "665af27a-0745-4ecd-9c66-b094624d6e59"}',
            '2025-06-02T18:18:44.522496+00:00',
            '2025-06-02T18:18:44.522497+00:00'
        );


            INSERT INTO note_keywords (note_id, keyword_id)
            VALUES ('ac1fb30c-2748-43da-9a75-383b7e5628c3', 'ce33ca35-5600-492f-8a80-ec933d3377c4');


            INSERT INTO note_keywords (note_id, keyword_id)
            VALUES ('ac1fb30c-2748-43da-9a75-383b7e5628c3', '6b7e7ea2-5e64-495f-a50f-2c63ea110b8a');


        INSERT INTO notes (id, user_id, project_id, source_id, title, content, type, note_metadata, created_at, updated_at)
        VALUES (
            '15b0afb6-de16-40b4-af39-6593af1bd01c',
            '665af27a-0745-4ecd-9c66-b094624d6e59',
            '882104f4-a449-42e7-9828-fd9d3e807d38',
            'cef9e83e-b517-4f8d-82b7-1b7af69a7531',
            'Note: Decision at operation other.',
            'Food end decision yet to amount easy. Result pay everybody among analysis you. Nice music letter soldier leave. Out maintain region little capital determine. Shoulder rock answer growth husband direction.',
            'mixed',
            '{"tags": ["discuss", "government"], "user_id": "665af27a-0745-4ecd-9c66-b094624d6e59"}',
            '2025-06-02T18:18:44.522706+00:00',
            '2025-06-02T18:18:44.522708+00:00'
        );


            INSERT INTO note_keywords (note_id, keyword_id)
            VALUES ('15b0afb6-de16-40b4-af39-6593af1bd01c', 'ce33ca35-5600-492f-8a80-ec933d3377c4');


            INSERT INTO note_keywords (note_id, keyword_id)
            VALUES ('15b0afb6-de16-40b4-af39-6593af1bd01c', '484931c4-368a-4fd5-8f38-3e8273226415');


        INSERT INTO notes (id, user_id, project_id, source_id, title, content, type, note_metadata, created_at, updated_at)
        VALUES (
            '162ffebd-6e01-41b7-b5bc-f2c514e91179',
            '665af27a-0745-4ecd-9c66-b094624d6e59',
            '882104f4-a449-42e7-9828-fd9d3e807d38',
            'cef9e83e-b517-4f8d-82b7-1b7af69a7531',
            'Note: My while deal clearly network.',
            'Two determine quite know anyone tend tree. Not involve task detail parent other design. Respond article young.',
            'text',
            '{"tags": ["grow", "responsibility"], "user_id": "665af27a-0745-4ecd-9c66-b094624d6e59"}',
            '2025-06-02T18:18:44.522826+00:00',
            '2025-06-02T18:18:44.522827+00:00'
        );


            INSERT INTO note_keywords (note_id, keyword_id)
            VALUES ('162ffebd-6e01-41b7-b5bc-f2c514e91179', '6042e67b-7ab4-4775-835f-e16eaf0af54b');


            INSERT INTO note_keywords (note_id, keyword_id)
            VALUES ('162ffebd-6e01-41b7-b5bc-f2c514e91179', '6b7e7ea2-5e64-495f-a50f-2c63ea110b8a');


        INSERT INTO notes (id, user_id, project_id, source_id, title, content, type, note_metadata, created_at, updated_at)
        VALUES (
            '9afa4512-b8ca-4f91-9487-fb7174716140',
            '665af27a-0745-4ecd-9c66-b094624d6e59',
            '882104f4-a449-42e7-9828-fd9d3e807d38',
            'cef9e83e-b517-4f8d-82b7-1b7af69a7531',
            'Note: Lot camera thought stuff.',
            'Ground religious ability real former weight. Tax kid song staff pay sing. You job threat heavy.',
            'code',
            '{"tags": ["government", "hospital"], "user_id": "665af27a-0745-4ecd-9c66-b094624d6e59"}',
            '2025-06-02T18:18:44.522950+00:00',
            '2025-06-02T18:18:44.522951+00:00'
        );


            INSERT INTO note_keywords (note_id, keyword_id)
            VALUES ('9afa4512-b8ca-4f91-9487-fb7174716140', '484931c4-368a-4fd5-8f38-3e8273226415');


            INSERT INTO note_keywords (note_id, keyword_id)
            VALUES ('9afa4512-b8ca-4f91-9487-fb7174716140', '9e1922a1-9399-464f-8890-da79c54ba910');


        INSERT INTO note_links (id, source_note_id, target_note_id, link_type, user_id, created_at)
        VALUES (
            '366bc094-2d3d-4643-b499-fccfb485b364',
            '1141ab1e-9fef-4857-b1a0-915e1091f0a4',
            '588b1ebd-04eb-401b-ad7f-a5f3066582f7',
            'supports',
            '79ee52b4-d808-4f2a-b9bf-664875a89d59',
            '2025-06-02T18:18:44.520743+00:00'
        );


        INSERT INTO note_links (id, source_note_id, target_note_id, link_type, user_id, created_at)
        VALUES (
            'a13ab606-1bdf-4ae7-a616-af29ffa5a5c6',
            '1141ab1e-9fef-4857-b1a0-915e1091f0a4',
            'b14a20a5-3aef-4679-9b55-ba01ddf817f8',
            'supports',
            '79ee52b4-d808-4f2a-b9bf-664875a89d59',
            '2025-06-02T18:18:44.520743+00:00'
        );


        INSERT INTO note_links (id, source_note_id, target_note_id, link_type, user_id, created_at)
        VALUES (
            'de5112bf-f03d-47d5-858a-7d1cdfda515d',
            '0c6c5ecb-e26e-4b39-a97d-5948edc577eb',
            '588b1ebd-04eb-401b-ad7f-a5f3066582f7',
            'reference',
            '79ee52b4-d808-4f2a-b9bf-664875a89d59',
            '2025-06-02T18:18:44.520872+00:00'
        );


        INSERT INTO note_links (id, source_note_id, target_note_id, link_type, user_id, created_at)
        VALUES (
            'bf89eaf5-7b08-46d0-b7e8-cbe3d2b1553e',
            'e7d570e6-4046-46eb-a25d-7a1481536551',
            '9afa4512-b8ca-4f91-9487-fb7174716140',
            'reference',
            '79ee52b4-d808-4f2a-b9bf-664875a89d59',
            '2025-06-02T18:18:44.520957+00:00'
        );


        INSERT INTO note_links (id, source_note_id, target_note_id, link_type, user_id, created_at)
        VALUES (
            '5b0e5bf9-3f00-4e34-913f-1ff1801fe5a2',
            'caced21b-d3c9-47e4-bb33-62e3d47b9f26',
            '54a9ceb8-4092-4e05-9bf4-37f38c3815d6',
            'depends_on',
            '79ee52b4-d808-4f2a-b9bf-664875a89d59',
            '2025-06-02T18:18:44.521035+00:00'
        );


        INSERT INTO note_links (id, source_note_id, target_note_id, link_type, user_id, created_at)
        VALUES (
            '094729ba-e803-40c1-91be-cf5ca14e3171',
            '7674208b-0b1c-41b3-83c5-c6d26c2d91c5',
            '0c6c5ecb-e26e-4b39-a97d-5948edc577eb',
            'contradicts',
            '79ee52b4-d808-4f2a-b9bf-664875a89d59',
            '2025-06-02T18:18:44.521123+00:00'
        );


        INSERT INTO note_links (id, source_note_id, target_note_id, link_type, user_id, created_at)
        VALUES (
            '77ae116e-7a1b-45e2-a617-e60b133cfcb2',
            '32b40f6c-3718-42d4-a1b7-1e59555e3af3',
            'e7d570e6-4046-46eb-a25d-7a1481536551',
            'supports',
            '79ee52b4-d808-4f2a-b9bf-664875a89d59',
            '2025-06-02T18:18:44.521195+00:00'
        );


        INSERT INTO note_links (id, source_note_id, target_note_id, link_type, user_id, created_at)
        VALUES (
            '8fb5aeff-4e05-43b2-acd9-e9b53f860adf',
            '54a9ceb8-4092-4e05-9bf4-37f38c3815d6',
            '8e206611-0f9a-424d-8450-c2f863be6cf3',
            'supports',
            '79ee52b4-d808-4f2a-b9bf-664875a89d59',
            '2025-06-02T18:18:44.521273+00:00'
        );


        INSERT INTO note_links (id, source_note_id, target_note_id, link_type, user_id, created_at)
        VALUES (
            '5afd4f36-a272-40e8-8082-c900c1509963',
            '588b1ebd-04eb-401b-ad7f-a5f3066582f7',
            '8e206611-0f9a-424d-8450-c2f863be6cf3',
            'depends_on',
            '79ee52b4-d808-4f2a-b9bf-664875a89d59',
            '2025-06-02T18:18:44.521359+00:00'
        );


        INSERT INTO note_links (id, source_note_id, target_note_id, link_type, user_id, created_at)
        VALUES (
            '19b69827-4681-465b-91c6-d7254d1e75c5',
            'b34664dc-1aef-4765-a0e8-4e719ac2b939',
            '8e206611-0f9a-424d-8450-c2f863be6cf3',
            'supports',
            '79ee52b4-d808-4f2a-b9bf-664875a89d59',
            '2025-06-02T18:18:44.521537+00:00'
        );


        INSERT INTO note_links (id, source_note_id, target_note_id, link_type, user_id, created_at)
        VALUES (
            '8b16fe0b-9e39-4915-874e-3d0f0bb87b88',
            'b14a20a5-3aef-4679-9b55-ba01ddf817f8',
            '0c6c5ecb-e26e-4b39-a97d-5948edc577eb',
            'depends_on',
            '665af27a-0745-4ecd-9c66-b094624d6e59',
            '2025-06-02T18:18:44.521679+00:00'
        );


        INSERT INTO note_links (id, source_note_id, target_note_id, link_type, user_id, created_at)
        VALUES (
            '6dc0b6af-ca70-4b03-acae-7e08b9300174',
            'b14a20a5-3aef-4679-9b55-ba01ddf817f8',
            '1141ab1e-9fef-4857-b1a0-915e1091f0a4',
            'relates_to',
            '665af27a-0745-4ecd-9c66-b094624d6e59',
            '2025-06-02T18:18:44.521679+00:00'
        );


        INSERT INTO note_links (id, source_note_id, target_note_id, link_type, user_id, created_at)
        VALUES (
            '1f9f3e11-4372-4d5d-a2e2-7c80aa952806',
            '461c38c4-dad5-4d61-9d53-4bf753609b6a',
            'b34664dc-1aef-4765-a0e8-4e719ac2b939',
            'contradicts',
            '665af27a-0745-4ecd-9c66-b094624d6e59',
            '2025-06-02T18:18:44.521762+00:00'
        );


        INSERT INTO note_links (id, source_note_id, target_note_id, link_type, user_id, created_at)
        VALUES (
            '5c3001c8-3cc1-4e59-8f3b-4ee207c12b38',
            '461c38c4-dad5-4d61-9d53-4bf753609b6a',
            '7674208b-0b1c-41b3-83c5-c6d26c2d91c5',
            'reference',
            '665af27a-0745-4ecd-9c66-b094624d6e59',
            '2025-06-02T18:18:44.521762+00:00'
        );


        INSERT INTO note_links (id, source_note_id, target_note_id, link_type, user_id, created_at)
        VALUES (
            '435aefc4-9427-4e00-b2c7-daaf4063fa75',
            '8e206611-0f9a-424d-8450-c2f863be6cf3',
            '15b0afb6-de16-40b4-af39-6593af1bd01c',
            'supports',
            '665af27a-0745-4ecd-9c66-b094624d6e59',
            '2025-06-02T18:18:44.521843+00:00'
        );


        INSERT INTO note_links (id, source_note_id, target_note_id, link_type, user_id, created_at)
        VALUES (
            '2de6c393-bbb0-4cdc-97e4-0764e0f1fa96',
            '065c7ca9-7c1e-4077-a671-265fa06b5320',
            'e7d570e6-4046-46eb-a25d-7a1481536551',
            'supports',
            '665af27a-0745-4ecd-9c66-b094624d6e59',
            '2025-06-02T18:18:44.521925+00:00'
        );


        INSERT INTO note_links (id, source_note_id, target_note_id, link_type, user_id, created_at)
        VALUES (
            '84035389-2c07-4d05-aed9-35a3a5977bba',
            '273d9eae-6096-4796-9d32-00763578fa3a',
            'b14a20a5-3aef-4679-9b55-ba01ddf817f8',
            'depends_on',
            '665af27a-0745-4ecd-9c66-b094624d6e59',
            '2025-06-02T18:18:44.522106+00:00'
        );


        INSERT INTO note_links (id, source_note_id, target_note_id, link_type, user_id, created_at)
        VALUES (
            '349f369d-2764-4cf2-a080-53526ba7c534',
            'af0b6e77-e115-49d7-81b2-76dff35311f1',
            '32b40f6c-3718-42d4-a1b7-1e59555e3af3',
            'depends_on',
            '665af27a-0745-4ecd-9c66-b094624d6e59',
            '2025-06-02T18:18:44.522300+00:00'
        );


        INSERT INTO note_links (id, source_note_id, target_note_id, link_type, user_id, created_at)
        VALUES (
            '3e343790-5a0b-4dfc-a223-f47a28bac85e',
            'af0b6e77-e115-49d7-81b2-76dff35311f1',
            'e7d570e6-4046-46eb-a25d-7a1481536551',
            'supports',
            '665af27a-0745-4ecd-9c66-b094624d6e59',
            '2025-06-02T18:18:44.522300+00:00'
        );


        INSERT INTO note_links (id, source_note_id, target_note_id, link_type, user_id, created_at)
        VALUES (
            'dcc1b0d6-f704-4b8a-ad2f-6ec450b864b4',
            'ac1fb30c-2748-43da-9a75-383b7e5628c3',
            'b34664dc-1aef-4765-a0e8-4e719ac2b939',
            'relates_to',
            '665af27a-0745-4ecd-9c66-b094624d6e59',
            '2025-06-02T18:18:44.522496+00:00'
        );


        INSERT INTO note_links (id, source_note_id, target_note_id, link_type, user_id, created_at)
        VALUES (
            'a9e1ceb6-801b-4fbe-9813-ede13f16a9fe',
            'ac1fb30c-2748-43da-9a75-383b7e5628c3',
            '32b40f6c-3718-42d4-a1b7-1e59555e3af3',
            'relates_to',
            '665af27a-0745-4ecd-9c66-b094624d6e59',
            '2025-06-02T18:18:44.522496+00:00'
        );


        INSERT INTO note_links (id, source_note_id, target_note_id, link_type, user_id, created_at)
        VALUES (
            '02d00473-3cf9-46e0-a1b8-1d3aa085e710',
            '15b0afb6-de16-40b4-af39-6593af1bd01c',
            '32b40f6c-3718-42d4-a1b7-1e59555e3af3',
            'supports',
            '665af27a-0745-4ecd-9c66-b094624d6e59',
            '2025-06-02T18:18:44.522706+00:00'
        );


        INSERT INTO note_links (id, source_note_id, target_note_id, link_type, user_id, created_at)
        VALUES (
            'f7293404-061a-4048-8056-e2df7b5ae6c4',
            '162ffebd-6e01-41b7-b5bc-f2c514e91179',
            'b14a20a5-3aef-4679-9b55-ba01ddf817f8',
            'contradicts',
            '665af27a-0745-4ecd-9c66-b094624d6e59',
            '2025-06-02T18:18:44.522826+00:00'
        );


        INSERT INTO note_links (id, source_note_id, target_note_id, link_type, user_id, created_at)
        VALUES (
            'd8c0570a-a8bb-4bb8-8edd-5562efc981d8',
            '9afa4512-b8ca-4f91-9487-fb7174716140',
            'e7d570e6-4046-46eb-a25d-7a1481536551',
            'contradicts',
            '665af27a-0745-4ecd-9c66-b094624d6e59',
            '2025-06-02T18:18:44.522950+00:00'
        );


        INSERT INTO note_links (id, source_note_id, target_note_id, link_type, user_id, created_at)
        VALUES (
            'eaf2dad5-c39c-4c0c-bfcf-996c00d40ae6',
            '9afa4512-b8ca-4f91-9487-fb7174716140',
            'b14a20a5-3aef-4679-9b55-ba01ddf817f8',
            'reference',
            '665af27a-0745-4ecd-9c66-b094624d6e59',
            '2025-06-02T18:18:44.522950+00:00'
        );
